d_model,num_heads,dropout,weight_decay,cross_attention_layers,learning_rate,classification_dropout,regression_dropout,label_smoothing,early_stopping_patience,token_weight_init_strategy,trial,config_path,avg_rmse,avg_auc,avg_pr_auc
64,4,0.31885314971620343,0.00043039335263515084,3,0.0003306036635536876,0.15765725609390496,0.24463019098167085,0.0,20,balanced,0,hyperparam_search_v3/config_trial_0.json,0.3958235707961851,0.8715224893822789,0.5865683760058069
128,2,0.3365114718677317,7.27809794853848e-05,3,0.00011604015086770088,0.11385078921531967,0.22793903170665064,0.05,20,balanced,1,hyperparam_search_v3/config_trial_1.json,0.36527092423703933,0.8482647414836005,0.5934907195942587
64,4,0.33630817316422235,0.00047438799964866023,2,0.00019424139670022326,0.12316400096339952,0.30482940370508016,0.05,30,balanced,2,hyperparam_search_v3/config_trial_2.json,0.3785216487530205,0.876541132617432,0.551957168198175
256,2,0.291629564523621,0.0001525433220673427,2,0.0003061900973456064,0.1655592913511691,0.20281220129756478,0.05,30,chem_focused,3,hyperparam_search_v3/config_trial_3.json,0.3671344100601143,0.888861160727048,0.594277564783264
256,8,0.2594464498351444,0.00048661533638279334,2,0.00036397797106877186,0.13241342433705647,0.3464411682164362,0.0,25,balanced,4,hyperparam_search_v3/config_trial_4.json,0.38170692200462025,0.9072208208785227,0.63777198705992
256,4,0.19134383106788527,0.00046011934488958157,2,9.041946698192308e-05,0.15951049078171087,0.2531207064372502,0.0,20,chem_focused,5,hyperparam_search_v3/config_trial_5.json,0.3756552936716212,0.8544246800877854,0.5872163639911191
256,4,0.21639596106023543,0.0004124022702983376,4,9.844550597118559e-05,0.18925780963093602,0.27947260432892324,0.05,30,chem_focused,6,hyperparam_search_v3/config_trial_6.json,0.36937463821636307,0.8582707342571133,0.6226130441554497
64,4,0.21379444515468063,0.0004893292195685053,2,0.0001886057443344827,0.13958062585568481,0.2130115144759988,0.0,30,balanced,7,hyperparam_search_v3/config_trial_7.json,0.39601690467033124,0.8680739048171806,0.5948148045026863
64,4,0.19788791517793317,0.00019498331725686255,2,0.00024005786072559248,0.1918049999666983,0.31490943886602446,0.05,30,chem_focused,8,hyperparam_search_v3/config_trial_8.json,0.36378291870156926,0.8763370163227535,0.6122638168575663
256,2,0.25037491842974774,0.0002529289136357316,4,0.00011394998845454235,0.13278380134391174,0.2627762270765679,0.0,25,balanced,9,hyperparam_search_v3/config_trial_9.json,0.3964727438158459,0.8554932099221514,0.6095565565177712
128,4,0.1541503898718803,0.00032048763511387495,2,0.0002743281555361657,0.13371949682962714,0.2297094297139436,0.0,25,balanced,10,hyperparam_search_v3/config_trial_10.json,0.362428384522597,0.889178079067213,0.634910561765006
128,2,0.28294406304242986,0.00010511665467335001,2,0.00023909162206447733,0.17281406472516736,0.2019171221885913,0.0,25,balanced,11,hyperparam_search_v3/config_trial_11.json,0.34902868171532947,0.8729423557400643,0.6249487471329601
256,4,0.20266300303702692,0.00027153230275634593,2,0.0002077152242022466,0.1050946256898882,0.2443155244366319,0.05,30,chem_focused,12,hyperparam_search_v3/config_trial_12.json,0.36699550309114987,0.8893039739160666,0.5931042447260209
256,2,0.19750824400698244,0.0004138964810040706,2,0.00013061906574421,0.21378760053230364,0.31274922707197345,0.0,30,balanced,13,hyperparam_search_v3/config_trial_13.json,0.37599609171350795,0.8912787379764567,0.5944968087900565
64,2,0.28181697855953525,0.00018947837407844514,4,0.00018938116647734184,0.24364056090488365,0.27696750684018306,0.0,25,chem_focused,14,hyperparam_search_v3/config_trial_14.json,0.38137778557009167,0.8453360720959829,0.6338924378550327
64,4,0.18577918498419968,3.66379750101514e-05,2,0.00041837529781408916,0.23899642362818146,0.20374295484936117,0.05,25,chem_focused,15,hyperparam_search_v3/config_trial_15.json,0.3903598878532648,0.8487124397629305,0.579318601106734
128,8,0.2546326682801352,0.00027984371372477877,2,0.0001126375579262374,0.20566962088243768,0.22308579052469824,0.0,20,balanced,16,hyperparam_search_v3/config_trial_16.json,0.357008867793613,0.860200317512438,0.6304502397773516
128,8,0.18830415738949896,4.3271175513732765e-05,4,0.000234600462729857,0.11544907872101765,0.23292515006915057,0.05,30,chem_focused,17,hyperparam_search_v3/config_trial_17.json,0.35649940330121255,0.8708688205321203,0.6041781116941051
256,2,0.2365250987985752,0.00012982890053914268,4,0.0004335048809035687,0.2125204429159016,0.2999152501227984,0.05,30,balanced,18,hyperparam_search_v3/config_trial_18.json,0.35592943243682384,0.8609859713560298,0.5688620866737182
128,8,0.30224994333497124,0.00013099960685150025,2,0.0001660449493613165,0.20134490067101968,0.20603202060458484,0.05,25,balanced,19,hyperparam_search_v3/config_trial_19.json,0.3840738015456332,0.8966046098212385,0.6248837784297272
256,2,0.3404555899140797,0.00031452956063736896,4,0.0003612909117914978,0.15680214130081122,0.27777664181721207,0.0,30,chem_focused,20,hyperparam_search_v3/config_trial_20.json,0.3831930241237084,0.8833930417231671,0.6245429741977809
128,2,0.285968435884962,2.7712361518978743e-05,2,0.00036395284364259216,0.12352214079604137,0.326928168532152,0.05,20,chem_focused,21,hyperparam_search_v3/config_trial_21.json,0.37880247872736716,0.8093199514345933,0.5794649271178913
128,2,0.24633621235267317,0.0002160636373040436,4,0.00040101538022624476,0.22700634785614604,0.33399652757182663,0.0,30,balanced,22,hyperparam_search_v3/config_trial_22.json,0.37568601303630406,0.8820512125284435,0.6332348616708249
256,2,0.1869976978979405,0.0003930229578046051,3,0.00014947041346774365,0.20293331278562005,0.22507088046500845,0.0,25,balanced,23,hyperparam_search_v3/config_trial_23.json,0.37863808559874695,0.8869759270896851,0.6134096645936638
256,2,0.160570923983853,0.00016556923022741804,2,0.00021247535928382608,0.21097614853141555,0.3494683587633645,0.05,25,balanced,24,hyperparam_search_v3/config_trial_24.json,0.37646511548923123,0.88061700804613,0.6264533131300095
64,8,0.26645538573451194,0.00014663108094352384,2,0.00011777812468125666,0.1388767652418115,0.2931363781216864,0.05,20,chem_focused,25,hyperparam_search_v3/config_trial_25.json,0.37462508036858505,0.8086685914875095,0.6180756750176104
128,8,0.25387829586106014,0.000386465854153607,3,0.00044175292811412056,0.12818820874331033,0.24042578684253774,0.05,25,chem_focused,26,hyperparam_search_v3/config_trial_26.json,0.3621685459382004,0.870793015543255,0.577714957696239
64,2,0.3329840909472067,0.00023929926049203845,2,0.00022252134779267906,0.2469184948216781,0.33397915200727024,0.0,25,balanced,27,hyperparam_search_v3/config_trial_27.json,0.38130418707927066,0.8872539838909499,0.5950383634513083
128,4,0.2622479204655282,7.123387508452806e-05,2,0.00019120158947964636,0.10321397950801256,0.2730892578365425,0.0,20,balanced,28,hyperparam_search_v3/config_trial_28.json,0.3747245925996039,0.8743199922091808,0.6184187838387715
128,2,0.21929981570431048,0.0004853418146370815,3,0.0002537235759197351,0.18134453110131615,0.3089953674241261,0.0,20,chem_focused,29,hyperparam_search_v3/config_trial_29.json,0.40003678513069946,0.8953828545836682,0.6280745661535669
128,4,0.2261496979270233,0.0003348934736144776,4,0.00048317351615344344,0.15199927605696484,0.3487626488440411,0.05,25,chem_focused,30,hyperparam_search_v3/config_trial_30.json,0.3573930035862658,0.8911451081879004,0.6430863154696635
256,2,0.21446661318885224,0.0003096035459903352,2,0.00014367445785712452,0.12053755732657423,0.33625607034348504,0.0,30,balanced,31,hyperparam_search_v3/config_trial_31.json,0.39269820724924404,0.8444677430019826,0.5851153359286307
128,8,0.2610257555997193,0.0004782717090059662,2,0.0003792829011923992,0.15304016705723839,0.2683937906419725,0.05,20,chem_focused,32,hyperparam_search_v3/config_trial_32.json,0.37727211436463726,0.8960295771638217,0.623663686617827
64,2,0.28385622860631465,0.0004611387362148378,4,0.0003879156390821037,0.19194345625452108,0.327569291688411,0.05,25,chem_focused,33,hyperparam_search_v3/config_trial_33.json,0.3896212141133017,0.8974896096383705,0.5940386183029798
128,8,0.30602009210493497,5.542484011372533e-05,2,0.00025149328452535633,0.11522985652404859,0.3141686630546015,0.0,25,chem_focused,34,hyperparam_search_v3/config_trial_34.json,0.35449487571087146,0.8886846948823309,0.6518225485130701
128,2,0.28530468528194286,0.00013059236024273951,2,0.00041775566535620146,0.11670199541387473,0.29396558434313785,0.05,30,balanced,35,hyperparam_search_v3/config_trial_35.json,0.35138612219856846,0.8941740761898038,0.6469504344084602
128,8,0.27032284247404265,0.0004765685270289467,4,0.00043836957524203963,0.11368456933261595,0.3382233815489971,0.0,30,balanced,36,hyperparam_search_v3/config_trial_36.json,0.37728753354814315,0.9071825043224206,0.6034959577074741
64,2,0.30126478311701843,0.00016173940907300455,4,8.012279679288637e-05,0.1936988712237877,0.2944633494488661,0.0,20,balanced,37,hyperparam_search_v3/config_trial_37.json,0.3801400994675027,0.8619058232001781,0.607547985646892
128,4,0.3326330884459609,0.0004492846916942611,3,0.0003351353437271331,0.19089419229858973,0.23001902642898567,0.05,25,chem_focused,38,hyperparam_search_v3/config_trial_38.json,0.36794644470016163,0.9021030195629481,0.5978097142768147
