Route_of_administration_intramuscular,Route_of_administration_intratracheal,Route_of_administration_intravenous,Model_type_A549,Model_type_BDMC,Model_type_BMDM,Model_type_HBEC_ALI,Model_type_HEK293T,Model_type_HeLa,Model_type_IGROV1,Model_type_Mouse,Model_type_RAW264p7,Cargo_type_mRNA,Cargo_type_pDNA,Cargo_type_siRNA,size,PDI
1,0,0,0,0,0,0,0,0,0,1,0,1,0,0,150.5,0.0 ~ 0.2
1,0,0,0,0,0,0,0,0,0,1,0,1,0,0,77.22,0.0 ~ 0.2
1,0,0,0,0,0,0,0,0,0,1,0,1,0,0,985,0.2 ~ 0.3
1,0,0,0,0,0,0,0,0,0,1,0,1,0,0,194.4,0.0 ~ 0.2
1,0,0,0,0,0,0,0,0,0,1,0,1,0,0,77.1,0.0 ~ 0.2
1,0,0,0,0,0,0,0,0,0,1,0,1,0,0,72.38,0.0 ~ 0.2
1,0,0,0,0,0,0,0,0,0,1,0,1,0,0,100.1,0.2 ~ 0.3
1,0,0,0,0,0,0,0,0,0,1,0,1,0,0,100.3,0.0 ~ 0.2
1,0,0,0,0,0,0,0,0,0,1,0,1,0,0,79.73,0.0 ~ 0.2
1,0,0,0,0,0,0,0,0,0,1,0,1,0,0,101.6,0.0 ~ 0.2
1,0,0,0,0,0,0,0,0,0,1,0,1,0,0,74.45,0.2 ~ 0.3
1,0,0,0,0,0,0,0,0,0,1,0,1,0,0,78.02,0.0 ~ 0.2
1,0,0,0,0,0,0,0,0,0,1,0,1,0,0,65.06,0.2 ~ 0.3
1,0,0,0,0,0,0,0,0,0,1,0,1,0,0,85.43,0.0 ~ 0.2
1,0,0,0,0,0,0,0,0,0,1,0,1,0,0,79.97,0.0 ~ 0.2
1,0,0,0,0,0,0,0,0,0,1,0,1,0,0,70.13,0.0 ~ 0.2
1,0,0,0,0,0,0,0,0,0,1,0,1,0,0,80.38,0.0 ~ 0.2
1,0,0,0,0,0,0,0,0,0,1,0,1,0,0,80.78,0.0 ~ 0.2
1,0,0,0,0,0,0,0,0,0,1,0,1,0,0,127.1,0.0 ~ 0.2
1,0,0,0,0,0,0,0,0,0,1,0,1,0,0,180,0.2 ~ 0.3
1,0,0,0,0,0,0,0,0,0,1,0,1,0,0,220.3,0.2 ~ 0.3
1,0,0,0,0,0,0,0,0,0,1,0,1,0,0,90.89,0.0 ~ 0.2
1,0,0,0,0,0,0,0,0,0,1,0,1,0,0,168.1,0.0 ~ 0.2
1,0,0,0,0,0,0,0,0,0,1,0,1,0,0,166.1,0.0 ~ 0.2
1,0,0,0,0,0,0,0,0,0,1,0,1,0,0,166.4,0.2 ~ 0.3
1,0,0,0,0,0,0,0,0,0,1,0,1,0,0,195,0.2 ~ 0.3
1,0,0,0,0,0,0,0,0,0,1,0,1,0,0,198.3,0.2 ~ 0.3
1,0,0,0,0,0,0,0,0,0,1,0,1,0,0,192.6,0.2 ~ 0.3
1,0,0,0,0,0,0,0,0,0,1,0,1,0,0,145.3,0.2 ~ 0.3
1,0,0,0,0,0,0,0,0,0,1,0,1,0,0,108,0.0 ~ 0.2
1,0,0,0,0,0,0,0,0,0,1,0,1,0,0,108.5,0.0 ~ 0.2
1,0,0,0,0,0,0,0,0,0,1,0,1,0,0,NaN,0.2 ~ 0.3
1,0,0,0,0,0,0,0,0,0,1,0,1,0,0,140.8,0.2 ~ 0.3
1,0,0,0,0,0,0,0,0,0,1,0,1,0,0,94.17,0.0 ~ 0.2
1,0,0,0,0,0,0,0,0,0,1,0,1,0,0,127.1,0.2 ~ 0.3
1,0,0,0,0,0,0,0,0,0,1,0,1,0,0,76.06,0.0 ~ 0.2
1,0,0,0,0,0,0,0,0,0,1,0,1,0,0,82.56,0.0 ~ 0.2
1,0,0,0,0,0,0,0,0,0,1,0,1,0,0,90.89,0.0 ~ 0.2
1,0,0,0,0,0,0,0,0,0,1,0,1,0,0,89.69,0.0 ~ 0.2
1,0,0,0,0,0,0,0,0,0,1,0,1,0,0,64.743,0.0 ~ 0.2
1,0,0,0,0,0,0,0,0,0,1,0,1,0,0,85.23,0.0 ~ 0.2
1,0,0,0,0,0,0,0,0,0,1,0,1,0,0,64.49,0.0 ~ 0.2
1,0,0,0,0,0,0,0,0,0,1,0,1,0,0,107.03,0.0 ~ 0.2
1,0,0,0,0,0,0,0,0,0,1,0,1,0,0,116.43,0.0 ~ 0.2
1,0,0,0,0,0,0,0,0,0,1,0,1,0,0,76.14,0.2 ~ 0.3
0,0,1,0,0,0,0,0,0,0,1,0,1,0,0,76.14,0.2 ~ 0.3
1,0,0,0,0,0,0,0,0,0,1,0,1,0,0,97.23,0.0 ~ 0.2
0,0,1,0,0,0,0,0,0,0,1,0,1,0,0,97.23,0.0 ~ 0.2
1,0,0,0,0,0,0,0,0,0,1,0,1,0,0,116,0.2 ~ 0.3
0,0,1,0,0,0,0,0,0,0,1,0,1,0,0,116,0.2 ~ 0.3
1,0,0,0,0,0,0,0,0,0,1,0,1,0,0,120.2,0.2 ~ 0.3
0,0,1,0,0,0,0,0,0,0,1,0,1,0,0,103.5,0.0 ~ 0.2
1,0,0,0,0,0,0,0,0,0,1,0,1,0,0,103.5,0.0 ~ 0.2
1,0,0,0,0,0,0,0,0,0,1,0,1,0,0,80.75,0.0 ~ 0.2
0,0,1,0,0,0,0,0,0,0,1,0,1,0,0,80.75,0.0 ~ 0.2
1,0,0,0,0,0,0,0,0,0,1,0,1,0,0,85.88,0.0 ~ 0.2
0,0,1,0,0,0,0,0,0,0,1,0,1,0,0,85.88,0.0 ~ 0.2
1,0,0,0,0,0,0,0,0,0,1,0,1,0,0,90.81,0.0 ~ 0.2
0,0,1,0,0,0,0,0,0,0,1,0,1,0,0,90.81,0.0 ~ 0.2
1,0,0,0,0,0,0,0,0,0,1,0,1,0,0,83.46,0.0 ~ 0.2
0,0,1,0,0,0,0,0,0,0,1,0,1,0,0,83.46,0.0 ~ 0.2
1,0,0,0,0,0,0,0,0,0,1,0,1,0,0,96.59,0.2 ~ 0.3
0,0,1,0,0,0,0,0,0,0,1,0,1,0,0,96.59,0.2 ~ 0.3
1,0,0,0,0,0,0,0,0,0,1,0,1,0,0,96.57,0.2 ~ 0.3
0,0,1,0,0,0,0,0,0,0,1,0,1,0,0,96.57,0.2 ~ 0.3
1,0,0,0,0,0,0,0,0,0,1,0,1,0,0,NaN,0.2 ~ 0.3
1,0,0,0,0,0,0,0,0,0,1,0,1,0,0,202.7,0.2 ~ 0.3
1,0,0,0,0,0,0,0,0,0,1,0,1,0,0,135.4,0.0 ~ 0.2
0,0,1,0,0,0,0,0,0,0,1,0,1,0,0,135.4,0.0 ~ 0.2
1,0,0,0,0,0,0,0,0,0,1,0,1,0,0,98.53,0.0 ~ 0.2
0,0,1,0,0,0,0,0,0,0,1,0,1,0,0,98.53,0.0 ~ 0.2
1,0,0,0,0,0,0,0,0,0,1,0,1,0,0,85,0.0 ~ 0.2
1,0,0,0,0,0,0,0,0,0,1,0,1,0,0,92.83,0.0 ~ 0.2
1,0,0,0,0,0,0,0,0,0,1,0,1,0,0,89.01,0.0 ~ 0.2
1,0,0,0,0,0,0,0,0,0,1,0,1,0,0,77.003,0.0 ~ 0.2
1,0,0,0,0,0,0,0,0,0,1,0,1,0,0,73.81,0.0 ~ 0.2
1,0,0,0,0,0,0,0,0,0,1,0,1,0,0,269.6,0.2 ~ 0.3
0,0,1,0,0,0,0,0,0,0,1,0,1,0,0,269.6,0.2 ~ 0.3
1,0,0,0,0,0,0,0,0,0,1,0,1,0,0,81.75,0.0 ~ 0.2
0,0,1,0,0,0,0,0,0,0,1,0,1,0,0,81.75,0.0 ~ 0.2
1,0,0,0,0,0,0,0,0,0,1,0,1,0,0,72.63,0.2 ~ 0.3
0,0,1,0,0,0,0,0,0,0,1,0,1,0,0,72.63,0.2 ~ 0.3
1,0,0,0,0,0,0,0,0,0,1,0,1,0,0,150,0.2 ~ 0.3
0,0,1,0,0,0,0,0,0,0,1,0,1,0,0,150,0.2 ~ 0.3
1,0,0,0,0,0,0,0,0,0,1,0,1,0,0,89.23,0.2 ~ 0.3
0,0,1,0,0,0,0,0,0,0,1,0,1,0,0,89.23,0.2 ~ 0.3
1,0,0,0,0,0,0,0,0,0,1,0,1,0,0,96.92,0.2 ~ 0.3
0,0,1,0,0,0,0,0,0,0,1,0,1,0,0,96.92,0.2 ~ 0.3
1,0,0,0,0,0,0,0,0,0,1,0,1,0,0,326.7,0.2 ~ 0.3
1,0,0,0,0,0,0,0,0,0,1,0,1,0,0,175.6,0.2 ~ 0.3
1,0,0,0,0,0,0,0,0,0,1,0,1,0,0,109.7,0.0 ~ 0.2
1,0,0,0,0,0,0,0,0,0,1,0,1,0,0,67.44,0.2 ~ 0.3
1,0,0,0,0,0,0,0,0,0,1,0,1,0,0,72.24,0.0 ~ 0.2
1,0,0,0,0,0,0,0,0,0,1,0,1,0,0,100.6,0.2 ~ 0.3
1,0,0,0,0,0,0,0,0,0,1,0,1,0,0,171.1,0.0 ~ 0.2
1,0,0,0,0,0,0,0,0,0,1,0,1,0,0,91.41,0.0 ~ 0.2
1,0,0,0,0,0,0,0,0,0,1,0,1,0,0,97.06,0.0 ~ 0.2
1,0,0,0,0,0,0,0,0,0,1,0,1,0,0,233.2,0.2 ~ 0.3
1,0,0,0,0,0,0,0,0,0,1,0,1,0,0,137.7,0.2 ~ 0.3
1,0,0,0,0,0,0,0,0,0,1,0,1,0,0,125.2,0.2 ~ 0.3
1,0,0,0,0,0,0,0,0,0,1,0,1,0,0,83.24,0.0 ~ 0.2
1,0,0,0,0,0,0,0,0,0,1,0,1,0,0,118.6,0.2 ~ 0.3
1,0,0,0,0,0,0,0,0,0,1,0,1,0,0,7061,0.2 ~ 0.3
1,0,0,0,0,0,0,0,0,0,1,0,1,0,0,257.4,0.2 ~ 0.3
1,0,0,0,0,0,0,0,0,0,1,0,1,0,0,87.88,0.2 ~ 0.3
1,0,0,0,0,0,0,0,0,0,1,0,1,0,0,95.94,0.0 ~ 0.2
1,0,0,0,0,0,0,0,0,0,1,0,1,0,0,71.92,0.0 ~ 0.2
1,0,0,0,0,0,0,0,0,0,1,0,1,0,0,78.03,0.0 ~ 0.2
1,0,0,0,0,0,0,0,0,0,1,0,1,0,0,87.67,0.0 ~ 0.2
1,0,0,0,0,0,0,0,0,0,1,0,1,0,0,95.7,0.0 ~ 0.2
1,0,0,0,0,0,0,0,0,0,1,0,1,0,0,109.5,0.0 ~ 0.2
1,0,0,0,0,0,0,0,0,0,1,0,1,0,0,128.7,0.0 ~ 0.2
1,0,0,0,0,0,0,0,0,0,1,0,1,0,0,88.52,0.0 ~ 0.2
1,0,0,0,0,0,0,0,0,0,1,0,1,0,0,83.64,0.2 ~ 0.3
1,0,0,0,0,0,0,0,0,0,1,0,1,0,0,82.51,0.2 ~ 0.3
1,0,0,0,0,0,0,0,0,0,1,0,1,0,0,109.8,0.0 ~ 0.2
1,0,0,0,0,0,0,0,0,0,1,0,1,0,0,140.6,0.2 ~ 0.3
1,0,0,0,0,0,0,0,0,0,1,0,1,0,0,85.65,0.2 ~ 0.3
1,0,0,0,0,0,0,0,0,0,1,0,1,0,0,105.6,0.0 ~ 0.2
1,0,0,0,0,0,0,0,0,0,1,0,1,0,0,170.6,0.0 ~ 0.2
1,0,0,0,0,0,0,0,0,0,1,0,1,0,0,72.49,0.0 ~ 0.2
1,0,0,0,0,0,0,0,0,0,1,0,1,0,0,63.15,0.0 ~ 0.2
1,0,0,0,0,0,0,0,0,0,1,0,1,0,0,77.88,0.0 ~ 0.2
1,0,0,0,0,0,0,0,0,0,1,0,1,0,0,759.7,0.2 ~ 0.3
1,0,0,0,0,0,0,0,0,0,1,0,1,0,0,117,0.2 ~ 0.3
1,0,0,0,0,0,0,0,0,0,1,0,1,0,0,69.46,0.0 ~ 0.2
0,0,1,0,0,0,0,0,0,0,1,0,1,0,0,69.46,0.0 ~ 0.2
1,0,0,0,0,0,0,0,0,0,1,0,1,0,0,70.34,0.0 ~ 0.2
0,0,1,0,0,0,0,0,0,0,1,0,1,0,0,70.34,0.0 ~ 0.2
1,0,0,0,0,0,0,0,0,0,1,0,1,0,0,5793,0.2 ~ 0.3
1,0,0,0,0,0,0,0,0,0,1,0,1,0,0,89.85,0.2 ~ 0.3
0,0,1,0,0,0,0,0,0,0,1,0,1,0,0,89.85,0.2 ~ 0.3
1,0,0,0,0,0,0,0,0,0,1,0,1,0,0,86.73,0.0 ~ 0.2
0,0,1,0,0,0,0,0,0,0,1,0,1,0,0,86.73,0.0 ~ 0.2
1,0,0,0,0,0,0,0,0,0,1,0,1,0,0,66.46,0.0 ~ 0.2
0,0,1,0,0,0,0,0,0,0,1,0,1,0,0,66.46,0.0 ~ 0.2
1,0,0,0,0,0,0,0,0,0,1,0,1,0,0,81.61,0.0 ~ 0.2
1,0,0,0,0,0,0,0,0,0,1,0,1,0,0,83.22,0.0 ~ 0.2
1,0,0,0,0,0,0,0,0,0,1,0,1,0,0,97.28,0.0 ~ 0.2
1,0,0,0,0,0,0,0,0,0,1,0,1,0,0,104.3,0.0 ~ 0.2
1,0,0,0,0,0,0,0,0,0,1,0,1,0,0,93.79,0.0 ~ 0.2
1,0,0,0,0,0,0,0,0,0,1,0,1,0,0,79.83,0.0 ~ 0.2
1,0,0,0,0,0,0,0,0,0,1,0,1,0,0,65.05,0.0 ~ 0.2
1,0,0,0,0,0,0,0,0,0,1,0,1,0,0,82.78,0.2 ~ 0.3
1,0,0,0,0,0,0,0,0,0,1,0,1,0,0,85.25,0.0 ~ 0.2
1,0,0,0,0,0,0,0,0,0,1,0,1,0,0,79.92,0.0 ~ 0.2
1,0,0,0,0,0,0,0,0,0,1,0,1,0,0,80.01,0.0 ~ 0.2
1,0,0,0,0,0,0,0,0,0,1,0,1,0,0,66.66,0.0 ~ 0.2
1,0,0,0,0,0,0,0,0,0,1,0,1,0,0,76.23,0.0 ~ 0.2
1,0,0,0,0,0,0,0,0,0,1,0,1,0,0,76.18,0.0 ~ 0.2
1,0,0,0,0,0,0,0,0,0,1,0,1,0,0,129.7,0.2 ~ 0.3
1,0,0,0,0,0,0,0,0,0,1,0,1,0,0,177.2,0.0 ~ 0.2
1,0,0,0,0,0,0,0,0,0,1,0,1,0,0,75.78,0.0 ~ 0.2
1,0,0,0,0,0,0,0,0,0,1,0,1,0,0,124.8,0.2 ~ 0.3
1,0,0,0,0,0,0,0,0,0,1,0,1,0,0,100.8,0.2 ~ 0.3
1,0,0,0,0,0,0,0,0,0,1,0,1,0,0,85.9,0.0 ~ 0.2
1,0,0,0,0,0,0,0,0,0,1,0,1,0,0,191.8,0.0 ~ 0.2
1,0,0,0,0,0,0,0,0,0,1,0,1,0,0,130.1,0.0 ~ 0.2
1,0,0,0,0,0,0,0,0,0,1,0,1,0,0,70.83,0.0 ~ 0.2
1,0,0,0,0,0,0,0,0,0,1,0,1,0,0,81.52,0.0 ~ 0.2
1,0,0,0,0,0,0,0,0,0,1,0,1,0,0,77.88,0.0 ~ 0.2
1,0,0,0,0,0,0,0,0,0,1,0,1,0,0,75.05,0.0 ~ 0.2
1,0,0,0,0,0,0,0,0,0,1,0,1,0,0,91.73,0.0 ~ 0.2
1,0,0,0,0,0,0,0,0,0,1,0,1,0,0,100,0.0 ~ 0.2
1,0,0,0,0,0,0,0,0,0,1,0,1,0,0,132.5,0.2 ~ 0.3
1,0,0,0,0,0,0,0,0,0,1,0,1,0,0,179.5,0.2 ~ 0.3
1,0,0,0,0,0,0,0,0,0,1,0,1,0,0,71.48,0.0 ~ 0.2
1,0,0,0,0,0,0,0,0,0,1,0,1,0,0,95.77,0.0 ~ 0.2
1,0,0,0,0,0,0,0,0,0,1,0,1,0,0,119,0.0 ~ 0.2
0,0,1,0,0,0,0,0,0,0,1,0,1,0,0,83.33,0.0 ~ 0.2
0,0,1,0,0,0,0,0,0,0,1,0,1,0,0,69.92,0.2 ~ 0.3
0,0,1,0,0,0,0,0,0,0,1,0,1,0,0,118.7,0.0 ~ 0.2
0,0,1,0,0,0,0,0,0,0,1,0,1,0,0,99.27,0.0 ~ 0.2
0,0,1,0,0,0,0,0,0,0,1,0,1,0,0,119.7,0.0 ~ 0.2
0,0,1,0,0,0,0,0,0,0,1,0,1,0,0,108.3,0.0 ~ 0.2
1,0,0,0,0,0,0,0,0,0,1,0,1,0,0,97.83,0.0 ~ 0.2
1,0,0,0,0,0,0,0,0,0,1,0,1,0,0,68.31,0.0 ~ 0.2
1,0,0,0,0,0,0,0,0,0,1,0,1,0,0,144.4,0.2 ~ 0.3
1,0,0,0,0,0,0,0,0,0,1,0,1,0,0,78.51,0.0 ~ 0.2
1,0,0,0,0,0,0,0,0,0,1,0,1,0,0,78.66,0.0 ~ 0.2
1,0,0,0,0,0,0,0,0,0,1,0,1,0,0,71.83,0.0 ~ 0.2
1,0,0,0,0,0,0,0,0,0,1,0,1,0,0,75.34,0.0 ~ 0.2
1,0,0,0,0,0,0,0,0,0,1,0,1,0,0,98.49,0.0 ~ 0.2
1,0,0,0,0,0,0,0,0,0,1,0,1,0,0,86.58,0.0 ~ 0.2
1,0,0,0,0,0,0,0,0,0,1,0,1,0,0,134,0.0 ~ 0.2
1,0,0,0,0,0,0,0,0,0,1,0,1,0,0,106.4,0.0 ~ 0.2
1,0,0,0,0,0,0,0,0,0,1,0,1,0,0,119.9,0.0 ~ 0.2
1,0,0,0,0,0,0,0,0,0,1,0,1,0,0,91.87,0.2 ~ 0.3
1,0,0,0,0,0,0,0,0,0,1,0,1,0,0,67.78,0.2 ~ 0.3
1,0,0,0,0,0,0,0,0,0,1,0,1,0,0,103,0.0 ~ 0.2
1,0,0,0,0,0,0,0,0,0,1,0,1,0,0,79.75,0.0 ~ 0.2
1,0,0,0,0,0,0,0,0,0,1,0,1,0,0,105.8,0.0 ~ 0.2
1,0,0,0,0,0,0,0,0,0,1,0,1,0,0,94.88,0.0 ~ 0.2
1,0,0,0,0,0,0,0,0,0,1,0,1,0,0,151.6,0.2 ~ 0.3
1,0,0,0,0,0,0,0,0,0,1,0,1,0,0,88.63,0.0 ~ 0.2
1,0,0,0,0,0,0,0,0,0,1,0,1,0,0,87.79,0.0 ~ 0.2
1,0,0,0,0,0,0,0,0,0,1,0,1,0,0,82.64,0.0 ~ 0.2
1,0,0,0,0,0,0,0,0,0,1,0,1,0,0,96.85,0.0 ~ 0.2
1,0,0,0,0,0,0,0,0,0,1,0,1,0,0,83.46,0.0 ~ 0.2
1,0,0,0,0,0,0,0,0,0,1,0,1,0,0,104.2,0.0 ~ 0.2
1,0,0,0,0,0,0,0,0,0,1,0,1,0,0,102.3,0.0 ~ 0.2
1,0,0,0,0,0,0,0,0,0,1,0,1,0,0,100.9,0.0 ~ 0.2
1,0,0,0,0,0,0,0,0,0,1,0,1,0,0,73.23,0.0 ~ 0.2
1,0,0,0,0,0,0,0,0,0,1,0,1,0,0,99.17,0.0 ~ 0.2
1,0,0,0,0,0,0,0,0,0,1,0,1,0,0,72.59,0.2 ~ 0.3
1,0,0,0,0,0,0,0,0,0,1,0,1,0,0,77.94,0.2 ~ 0.3
1,0,0,0,0,0,0,0,0,0,1,0,1,0,0,67.36,0.0 ~ 0.2
1,0,0,0,0,0,0,0,0,0,1,0,1,0,0,66.43,0.0 ~ 0.2
1,0,0,0,0,0,0,0,0,0,1,0,1,0,0,75.49,0.2 ~ 0.3
1,0,0,0,0,0,0,0,0,0,1,0,1,0,0,103.4,0.2 ~ 0.3
1,0,0,0,0,0,0,0,0,0,1,0,1,0,0,86.96,0.2 ~ 0.3
1,0,0,0,0,0,0,0,0,0,1,0,1,0,0,84.72,0.2 ~ 0.3
1,0,0,0,0,0,0,0,0,0,1,0,1,0,0,77.34,0.2 ~ 0.3
1,0,0,0,0,0,0,0,0,0,1,0,1,0,0,96.96,0.0 ~ 0.2
1,0,0,0,0,0,0,0,0,0,1,0,1,0,0,92.76,0.0 ~ 0.2
1,0,0,0,0,0,0,0,0,0,1,0,1,0,0,103.6,0.0 ~ 0.2
1,0,0,0,0,0,0,0,0,0,1,0,1,0,0,69.63,0.2 ~ 0.3
1,0,0,0,0,0,0,0,0,0,1,0,1,0,0,124.3,0.2 ~ 0.3
1,0,0,0,0,0,0,0,0,0,1,0,1,0,0,198.6,0.2 ~ 0.3
1,0,0,0,0,0,0,0,0,0,1,0,1,0,0,80.54,0.0 ~ 0.2
1,0,0,0,0,0,0,0,0,0,1,0,1,0,0,90.02,0.0 ~ 0.2
1,0,0,0,0,0,0,0,0,0,1,0,1,0,0,97.37,0.0 ~ 0.2
1,0,0,0,0,0,0,0,0,0,1,0,1,0,0,79.34,0.2 ~ 0.3
1,0,0,0,0,0,0,0,0,0,1,0,1,0,0,84.32,0.0 ~ 0.2
1,0,0,0,0,0,0,0,0,0,1,0,1,0,0,88.76,0.0 ~ 0.2
1,0,0,0,0,0,0,0,0,0,1,0,1,0,0,113.8,0.0 ~ 0.2
1,0,0,0,0,0,0,0,0,0,1,0,1,0,0,79.83,0.0 ~ 0.2
1,0,0,0,0,0,0,0,0,0,1,0,1,0,0,111.5,0.0 ~ 0.2
1,0,0,0,0,0,0,0,0,0,1,0,1,0,0,54.76,0.2 ~ 0.3
1,0,0,0,0,0,0,0,0,0,1,0,1,0,0,54.15,0.0 ~ 0.2
1,0,0,0,0,0,0,0,0,0,1,0,1,0,0,63.45,0.2 ~ 0.3
1,0,0,0,0,0,0,0,0,0,1,0,1,0,0,51.34,0.2 ~ 0.3
1,0,0,0,0,0,0,0,0,0,1,0,1,0,0,62.75,0.2 ~ 0.3
1,0,0,0,0,0,0,0,0,0,1,0,1,0,0,86.95,0.0 ~ 0.2
1,0,0,0,0,0,0,0,0,0,1,0,1,0,0,70.15,0.0 ~ 0.2
1,0,0,0,0,0,0,0,0,0,1,0,1,0,0,65.95,0.2 ~ 0.3
1,0,0,0,0,0,0,0,0,0,1,0,1,0,0,77.01,0.0 ~ 0.2
1,0,0,0,0,0,0,0,0,0,1,0,1,0,0,57.81,0.2 ~ 0.3
1,0,0,0,0,0,0,0,0,0,1,0,1,0,0,60.52,0.2 ~ 0.3
1,0,0,0,0,0,0,0,0,0,1,0,1,0,0,62.05,0.2 ~ 0.3
1,0,0,0,0,0,0,0,0,0,1,0,1,0,0,61.33,0.0 ~ 0.2
1,0,0,0,0,0,0,0,0,0,1,0,1,0,0,74.64,0.0 ~ 0.2
1,0,0,0,0,0,0,0,0,0,1,0,1,0,0,95.7,0.0 ~ 0.2
1,0,0,0,0,0,0,0,0,0,1,0,1,0,0,71.93,0.2 ~ 0.3
1,0,0,0,0,0,0,0,0,0,1,0,1,0,0,73.71,0.0 ~ 0.2
1,0,0,0,0,0,0,0,0,0,1,0,1,0,0,56.57,0.0 ~ 0.2
1,0,0,0,0,0,0,0,0,0,1,0,1,0,0,74.77,0.2 ~ 0.3
1,0,0,0,0,0,0,0,0,0,1,0,1,0,0,61.74,0.0 ~ 0.2
1,0,0,0,0,0,0,0,0,0,1,0,1,0,0,67.65,0.2 ~ 0.3
1,0,0,0,0,0,0,0,0,0,1,0,1,0,0,73.52,0.0 ~ 0.2
1,0,0,0,0,0,0,0,0,0,1,0,1,0,0,101.9,0.0 ~ 0.2
1,0,0,0,0,0,0,0,0,0,1,0,1,0,0,70.95,0.0 ~ 0.2
1,0,0,0,0,0,0,0,0,0,1,0,1,0,0,64.63,0.0 ~ 0.2
1,0,0,0,0,0,0,0,0,0,1,0,1,0,0,81.91,0.0 ~ 0.2
1,0,0,0,0,0,0,0,0,0,1,0,1,0,0,81.65,0.0 ~ 0.2
1,0,0,0,0,0,0,0,0,0,1,0,1,0,0,100.2,0.0 ~ 0.2
1,0,0,0,0,0,0,0,0,0,1,0,1,0,0,83.74,0.0 ~ 0.2
1,0,0,0,0,0,0,0,0,0,1,0,1,0,0,85.13,0.0 ~ 0.2
1,0,0,0,0,0,0,0,0,0,1,0,1,0,0,96.88,0.0 ~ 0.2
1,0,0,0,0,0,0,0,0,0,1,0,1,0,0,108.7,0.0 ~ 0.2
1,0,0,0,0,0,0,0,0,0,1,0,1,0,0,125.1,0.0 ~ 0.2
1,0,0,0,0,0,0,0,0,0,1,0,1,0,0,86.45,0.0 ~ 0.2
1,0,0,0,0,0,0,0,0,0,1,0,1,0,0,92.58,0.0 ~ 0.2
1,0,0,0,0,0,0,0,0,0,1,0,1,0,0,113.4,0.0 ~ 0.2
1,0,0,0,0,0,0,0,0,0,1,0,1,0,0,78.09,0.0 ~ 0.2
1,0,0,0,0,0,0,0,0,0,1,0,1,0,0,63.53,0.0 ~ 0.2
1,0,0,0,0,0,0,0,0,0,1,0,1,0,0,71.21,0.0 ~ 0.2
1,0,0,0,0,0,0,0,0,0,1,0,1,0,0,84.03,0.0 ~ 0.2
1,0,0,0,0,0,0,0,0,0,1,0,1,0,0,84.47,0.0 ~ 0.2
1,0,0,0,0,0,0,0,0,0,1,0,1,0,0,96.22,0.0 ~ 0.2
1,0,0,0,0,0,0,0,0,0,1,0,1,0,0,117.4,0.0 ~ 0.2
1,0,0,0,0,0,0,0,0,0,1,0,1,0,0,63.43,0.0 ~ 0.2
1,0,0,0,0,0,0,0,0,0,1,0,1,0,0,69.7,0.0 ~ 0.2
1,0,0,0,0,0,0,0,0,0,1,0,1,0,0,83.97,0.0 ~ 0.2
1,0,0,0,0,0,0,0,0,0,1,0,1,0,0,95.61,0.0 ~ 0.2
1,0,0,0,0,0,0,0,0,0,1,0,1,0,0,106.4,0.0 ~ 0.2
1,0,0,0,0,0,0,0,0,0,1,0,1,0,0,111.4,0.0 ~ 0.2
1,0,0,0,0,0,0,0,0,0,1,0,1,0,0,78.23,0.0 ~ 0.2
1,0,0,0,0,0,0,0,0,0,1,0,1,0,0,103,0.0 ~ 0.2
1,0,0,0,0,0,0,0,0,0,1,0,1,0,0,111.5,0.0 ~ 0.2
1,0,0,0,0,0,0,0,0,0,1,0,1,0,0,124.3,0.0 ~ 0.2
1,0,0,0,0,0,0,0,0,0,1,0,1,0,0,94.47,0.0 ~ 0.2
0,0,1,0,0,0,0,0,0,0,1,0,1,0,0,133.3,0.0 ~ 0.2
0,0,1,0,0,0,0,0,0,0,1,0,1,0,0,139.2,0.0 ~ 0.2
0,0,1,0,0,0,0,0,0,0,1,0,1,0,0,105.4,0.0 ~ 0.2
0,0,1,0,0,0,0,0,0,0,1,0,1,0,0,104.8,0.0 ~ 0.2
0,0,1,0,0,0,0,0,0,0,1,0,1,0,0,92.1,0.0 ~ 0.2
0,0,1,0,0,0,0,0,0,0,1,0,1,0,0,121.8,0.0 ~ 0.2
0,0,1,0,0,0,0,0,0,0,1,0,1,0,0,112.3,0.0 ~ 0.2
0,0,1,0,0,0,0,0,0,0,1,0,1,0,0,99.4,0.0 ~ 0.2
0,0,1,0,0,0,0,0,0,0,1,0,1,0,0,93.6,0.0 ~ 0.2
0,0,1,0,0,0,0,0,0,0,1,0,1,0,0,99.7,0.0 ~ 0.2
0,0,1,0,0,0,0,0,0,0,1,0,1,0,0,90.6,0.0 ~ 0.2
0,0,1,0,0,0,0,0,0,0,1,0,1,0,0,94,0.0 ~ 0.2
0,0,1,0,0,0,0,0,0,0,1,0,1,0,0,99.5,0.0 ~ 0.2
0,0,1,0,0,0,0,0,0,0,1,0,1,0,0,79.9,0.0 ~ 0.2
0,0,1,0,0,0,0,0,0,0,1,0,1,0,0,89.2,0.0 ~ 0.2
0,0,1,0,0,0,0,0,0,0,1,0,1,0,0,102.3,0.0 ~ 0.2
0,0,1,0,0,0,0,0,0,0,1,0,1,0,0,128.3,0.0 ~ 0.2
0,0,1,0,0,0,0,0,0,0,1,0,1,0,0,74.8,0.0 ~ 0.2
0,0,1,0,0,0,0,0,0,0,1,0,1,0,0,93.2,0.0 ~ 0.2
0,0,1,0,0,0,0,0,0,0,1,0,1,0,0,66.1,0.0 ~ 0.2
0,0,1,0,0,0,0,0,0,0,1,0,1,0,0,63.5,0.0 ~ 0.2
0,0,1,0,0,0,0,0,0,0,1,0,1,0,0,63.7,0.0 ~ 0.2
0,0,1,0,0,0,0,0,0,0,1,0,1,0,0,63.8,0.0 ~ 0.2
0,0,1,0,0,0,0,0,0,0,1,0,1,0,0,60.6,0.0 ~ 0.2
0,0,1,0,0,0,0,0,0,0,1,0,1,0,0,91.5,0.0 ~ 0.2
0,0,1,0,0,0,0,0,0,0,1,0,1,0,0,76.1,0.0 ~ 0.2
0,0,1,0,0,0,0,0,0,0,1,0,1,0,0,78.7,0.0 ~ 0.2
0,0,1,0,0,0,0,0,0,0,1,0,1,0,0,84.5,0.0 ~ 0.2
0,0,1,0,0,0,0,0,0,0,1,0,1,0,0,63.5,0.0 ~ 0.2
0,0,1,0,0,0,0,0,0,0,1,0,1,0,0,70,0.0 ~ 0.2
0,0,1,0,0,0,0,0,0,0,1,0,1,0,0,80.2,0.0 ~ 0.2
0,0,1,0,0,0,0,0,0,0,1,0,1,0,0,121.1,0.0 ~ 0.2
0,0,1,0,0,0,0,0,0,0,1,0,1,0,0,91.5,0.0 ~ 0.2
0,0,1,0,0,0,0,0,0,0,1,0,1,0,0,79.1,0.0 ~ 0.2
0,0,1,0,0,0,0,0,0,0,1,0,1,0,0,101.8,0.0 ~ 0.2
0,0,1,0,0,0,0,0,0,0,1,0,1,0,0,79.5,0.0 ~ 0.2
1,0,0,0,0,0,0,0,0,0,1,0,1,0,0,140.3,0.0 ~ 0.2
1,0,0,0,0,0,0,0,0,0,1,0,1,0,0,81.1,0.0 ~ 0.2
1,0,0,0,0,0,0,0,0,0,1,0,1,0,0,71.1,0.2 ~ 0.3
1,0,0,0,0,0,0,0,0,0,1,0,1,0,0,91.2,0.0 ~ 0.2
1,0,0,0,0,0,0,0,0,0,1,0,1,0,0,87.4,0.0 ~ 0.2
1,0,0,0,0,0,0,0,0,0,1,0,1,0,0,72.9,0.0 ~ 0.2
1,0,0,0,0,0,0,0,0,0,1,0,1,0,0,143.8,0.0 ~ 0.2
1,0,0,0,0,0,0,0,0,0,1,0,1,0,0,135.1,0.0 ~ 0.2
1,0,0,0,0,0,0,0,0,0,1,0,1,0,0,92.3,0.0 ~ 0.2
1,0,0,0,0,0,0,0,0,0,1,0,1,0,0,85.8,0.0 ~ 0.2
1,0,0,0,0,0,0,0,0,0,1,0,1,0,0,130.1,0.0 ~ 0.2
1,0,0,0,0,0,0,0,0,0,1,0,1,0,0,77.3,0.0 ~ 0.2
1,0,0,0,0,0,0,0,0,0,1,0,1,0,0,102.5,0.0 ~ 0.2
1,0,0,0,0,0,0,0,0,0,1,0,1,0,0,113.6,0.0 ~ 0.2
1,0,0,0,0,0,0,0,0,0,1,0,1,0,0,123.2,0.0 ~ 0.2
1,0,0,0,0,0,0,0,0,0,1,0,1,0,0,110.7,0.0 ~ 0.2
1,0,0,0,0,0,0,0,0,0,1,0,1,0,0,114.2,0.0 ~ 0.2
1,0,0,0,0,0,0,0,0,0,1,0,1,0,0,73.9,0.0 ~ 0.2
0,0,1,0,0,0,0,0,0,0,1,0,1,0,0,117.1,0.0 ~ 0.2
0,0,1,0,0,0,0,0,0,0,1,0,1,0,0,97.96,0.0 ~ 0.2
0,0,1,0,0,0,0,0,0,0,1,0,1,0,0,97.78,0.0 ~ 0.2
0,0,1,0,0,0,0,0,0,0,1,0,1,0,0,108.73,0.0 ~ 0.2
0,0,1,0,0,0,0,0,0,0,1,0,1,0,0,79.39,0.0 ~ 0.2
0,0,1,0,0,0,0,0,0,0,1,0,1,0,0,96.31,0.0 ~ 0.2
1,0,0,0,0,0,0,0,0,0,1,0,1,0,0,117.1,0.0 ~ 0.2
1,0,0,0,0,0,0,0,0,0,1,0,1,0,0,97.96,0.0 ~ 0.2
1,0,0,0,0,0,0,0,0,0,1,0,1,0,0,97.78,0.0 ~ 0.2
1,0,0,0,0,0,0,0,0,0,1,0,1,0,0,108.73,0.0 ~ 0.2
1,0,0,0,0,0,0,0,0,0,1,0,1,0,0,79.39,0.0 ~ 0.2
1,0,0,0,0,0,0,0,0,0,1,0,1,0,0,96.31,0.0 ~ 0.2
0,0,1,0,0,0,0,0,0,0,1,0,1,0,0,96.79,0.0 ~ 0.2
0,0,1,0,0,0,0,0,0,0,1,0,1,0,0,78.14,0.0 ~ 0.2
0,0,1,0,0,0,0,0,0,0,1,0,1,0,0,81.15,0.0 ~ 0.2
0,0,1,0,0,0,0,0,0,0,1,0,1,0,0,77.59,0.0 ~ 0.2
0,0,1,0,0,0,0,0,0,0,1,0,1,0,0,94.16,0.0 ~ 0.2
0,0,1,0,0,0,0,0,0,0,1,0,1,0,0,69.2,0.0 ~ 0.2
0,0,1,0,0,0,0,0,0,0,1,0,1,0,0,120.36,0.0 ~ 0.2
0,0,1,0,0,0,0,0,0,0,1,0,1,0,0,126.73,0.0 ~ 0.2
1,0,0,0,0,0,0,0,0,0,1,0,1,0,0,96.79,0.0 ~ 0.2
1,0,0,0,0,0,0,0,0,0,1,0,1,0,0,78.14,0.0 ~ 0.2
1,0,0,0,0,0,0,0,0,0,1,0,1,0,0,81.15,0.0 ~ 0.2
1,0,0,0,0,0,0,0,0,0,1,0,1,0,0,77.59,0.0 ~ 0.2
1,0,0,0,0,0,0,0,0,0,1,0,1,0,0,94.16,0.0 ~ 0.2
1,0,0,0,0,0,0,0,0,0,1,0,1,0,0,69.2,0.0 ~ 0.2
1,0,0,0,0,0,0,0,0,0,1,0,1,0,0,120.36,0.0 ~ 0.2
1,0,0,0,0,0,0,0,0,0,1,0,1,0,0,126.73,0.0 ~ 0.2
0,0,1,0,0,0,0,0,0,0,1,0,1,0,0,89.03,0.0 ~ 0.2
0,0,1,0,0,0,0,0,0,0,1,0,1,0,0,107.3,0.0 ~ 0.2
0,0,1,0,0,0,0,0,0,0,1,0,1,0,0,114.16,0.0 ~ 0.2
1,0,0,0,0,0,0,0,0,0,1,0,1,0,0,89.03,0.0 ~ 0.2
1,0,0,0,0,0,0,0,0,0,1,0,1,0,0,107.3,0.0 ~ 0.2
1,0,0,0,0,0,0,0,0,0,1,0,1,0,0,114.16,0.0 ~ 0.2
1,0,0,0,0,0,0,0,0,0,1,0,1,0,0,148.7,0.0 ~ 0.2
1,0,0,0,0,0,0,0,0,0,1,0,1,0,0,97.44,0.0 ~ 0.2
1,0,0,0,0,0,0,0,0,0,1,0,1,0,0,88.6,0.0 ~ 0.2
1,0,0,0,0,0,0,0,0,0,1,0,1,0,0,160.06,0.0 ~ 0.2
1,0,0,0,0,0,0,0,0,0,1,0,1,0,0,81.68,0.0 ~ 0.2
0,0,1,0,0,0,0,0,0,0,1,0,1,0,0,148.7,0.0 ~ 0.2
0,0,1,0,0,0,0,0,0,0,1,0,1,0,0,97.44,0.0 ~ 0.2
0,0,1,0,0,0,0,0,0,0,1,0,1,0,0,88.6,0.0 ~ 0.2
0,0,1,0,0,0,0,0,0,0,1,0,1,0,0,160.06,0.0 ~ 0.2
0,0,1,0,0,0,0,0,0,0,1,0,1,0,0,81.68,0.0 ~ 0.2
1,0,0,0,0,0,0,0,0,0,1,0,1,0,0,97.98,0.0 ~ 0.2
1,0,0,0,0,0,0,0,0,0,1,0,1,0,0,115.16,0.0 ~ 0.2
1,0,0,0,0,0,0,0,0,0,1,0,1,0,0,104.73,0.2 ~ 0.3
0,0,1,0,0,0,0,0,0,0,1,0,1,0,0,97.98,0.0 ~ 0.2
0,0,1,0,0,0,0,0,0,0,1,0,1,0,0,115.16,0.0 ~ 0.2
0,0,1,0,0,0,0,0,0,0,1,0,1,0,0,104.73,0.2 ~ 0.3
0,0,1,0,0,0,0,0,0,0,1,0,1,0,0,88.6533333333333,0.0 ~ 0.2
0,0,1,0,0,0,0,0,0,0,1,0,1,0,0,102.9,0.0 ~ 0.2
0,0,1,0,0,0,0,0,0,0,1,0,1,0,0,100.46,0.0 ~ 0.2
0,0,1,0,0,0,0,0,0,0,1,0,1,0,0,80.8733333333333,0.0 ~ 0.2
1,0,0,0,0,0,0,0,0,0,1,0,1,0,0,88.6533333333333,0.0 ~ 0.2
1,0,0,0,0,0,0,0,0,0,1,0,1,0,0,102.9,0.0 ~ 0.2
1,0,0,0,0,0,0,0,0,0,1,0,1,0,0,100.46,0.0 ~ 0.2
1,0,0,0,0,0,0,0,0,0,1,0,1,0,0,80.8733333333333,0.0 ~ 0.2
0,0,1,0,0,0,0,0,0,0,1,0,1,0,0,115.73,0.0 ~ 0.2
0,0,1,0,0,0,0,0,0,0,1,0,1,0,0,106.3,0.0 ~ 0.2
0,0,1,0,0,0,0,0,0,0,1,0,1,0,0,134.93,0.0 ~ 0.2
0,0,1,0,0,0,0,0,0,0,1,0,1,0,0,113.66,0.0 ~ 0.2
0,0,1,0,0,0,0,0,0,0,1,0,1,0,0,128.86,0.0 ~ 0.2
1,0,0,0,0,0,0,0,0,0,1,0,1,0,0,106.3,0.0 ~ 0.2
1,0,0,0,0,0,0,0,0,0,1,0,1,0,0,134.93,0.0 ~ 0.2
1,0,0,0,0,0,0,0,0,0,1,0,1,0,0,113.66,0.0 ~ 0.2
1,0,0,0,0,0,0,0,0,0,1,0,1,0,0,128.86,0.0 ~ 0.2
0,0,1,0,0,0,0,0,0,0,1,0,1,0,0,117.4,0.0 ~ 0.2
0,0,1,0,0,0,0,0,0,0,1,0,1,0,0,124.43,0.0 ~ 0.2
0,0,1,0,0,0,0,0,0,0,1,0,1,0,0,84.21,0.2 ~ 0.3
0,0,1,0,0,0,0,0,0,0,1,0,1,0,0,77.97,0.2 ~ 0.3
0,0,1,0,0,0,0,0,0,0,1,0,1,0,0,84.84,0.0 ~ 0.2
0,0,1,0,0,0,0,0,0,0,1,0,1,0,0,77.45,0.2 ~ 0.3
0,0,1,0,0,0,0,0,0,0,1,0,1,0,0,105.93,0.0 ~ 0.2
0,0,1,0,0,0,0,0,0,0,1,0,1,0,0,81.9,0.4 ~ 0.5
0,0,1,0,0,0,0,0,0,0,1,0,1,0,0,123.36,0.0 ~ 0.2
0,0,1,0,0,0,0,0,0,0,1,0,1,0,0,95.78,0.2 ~ 0.3
0,0,1,0,0,0,0,0,0,0,1,0,1,0,0,106.4,0.0 ~ 0.2
0,0,1,0,0,0,0,0,0,0,1,0,1,0,0,110.1,0.2 ~ 0.3
0,0,1,0,0,0,0,0,0,0,1,0,1,0,0,86.53,0.0 ~ 0.2
0,0,1,0,0,0,0,0,0,0,1,0,1,0,0,90.51,0.0 ~ 0.2
0,0,1,0,0,0,0,0,0,0,1,0,1,0,0,108.3,0.0 ~ 0.2
0,0,1,0,0,0,0,0,0,0,1,0,1,0,0,109.5,0.0 ~ 0.2
0,0,1,0,0,0,0,0,0,0,1,0,1,0,0,66.88,0.2 ~ 0.3
0,0,1,0,0,0,0,0,0,0,1,0,1,0,0,152.9,0.3 ~ 0.4
0,0,1,0,0,0,0,0,0,0,1,0,1,0,0,125.6,0.2 ~ 0.3
0,0,1,0,0,0,0,0,0,0,1,0,1,0,0,138.4,0.3 ~ 0.4
0,0,1,0,0,0,0,0,0,0,1,0,1,0,0,171.9,0.2 ~ 0.3
0,0,1,0,0,0,0,0,0,0,1,0,1,0,0,108.3,0.2 ~ 0.3
0,0,1,0,0,0,0,0,0,0,1,0,1,0,0,130.3,0.2 ~ 0.3
0,0,1,0,0,0,0,0,0,0,1,0,1,0,0,134.5,0.3 ~ 0.4
0,0,1,0,0,0,0,0,0,0,1,0,1,0,0,154.4,0.2 ~ 0.3
0,0,1,0,0,0,0,0,0,0,1,0,1,0,0,136.2,0.2 ~ 0.3
0,0,1,0,0,0,0,0,0,0,1,0,1,0,0,123.3,0.3 ~ 0.4
0,0,1,0,0,0,0,0,0,0,1,0,1,0,0,92.54,0.2 ~ 0.3
0,0,1,0,0,0,0,0,0,0,1,0,1,0,0,122.8,0.2 ~ 0.3
0,0,1,0,0,0,0,0,0,0,1,0,1,0,0,175.5,0.2 ~ 0.3
0,0,1,0,0,0,0,0,0,0,1,0,1,0,0,101.3,0.2 ~ 0.3
0,0,1,0,0,0,0,0,0,0,1,0,1,0,0,163.7,0.2 ~ 0.3
0,0,1,0,0,0,0,0,0,0,1,0,1,0,0,107.8,0.0 ~ 0.2
0,0,1,0,0,0,0,0,0,0,1,0,1,0,0,137.6,0.0 ~ 0.2
0,0,1,0,0,0,0,0,0,0,1,0,1,0,0,137.6,0.0 ~ 0.2
